Type,Name,Request Count,Failure Count,Median Response Time,Average Response Time,Min Response Time,Max Response Time,Average Content Size,Requests/s,Failures/s,50%,66%,75%,80%,90%,95%,98%,99%,99.9%,99.99%,100%
POST,GraphQL: Create Reservation,2109,0,49,40.977616263776504,4.402899998240173,86.68489998672158,149.7031768610716,17.783005273519706,0.0,49,52,53,55,60,62,64,64,67,87,87
POST,GraphQL: Delete Reservation,35,0,53,53.217462852730286,45.41689995676279,64.22709999606013,36.0,0.2951186271091464,0.0,53,56,58,59,62,64,64,64,64,64,64
POST,GraphQL: Get All Reservations,755,0,51,42.576304766648626,7.21400004113093,71.09949999721721,6966.043708609272,6.366130384783015,0.0,51,53,55,57,61,63,65,67,71,71,71
POST,GraphQL: Get Reservation,65,0,52,52.97937077255203,44.38189999200404,63.9464000123553,229.2923076923077,0.5480774503455575,0.0,52,55,58,60,62,63,64,64,64,64,64
POST,GraphQL: Update Reservation,31,0,54,55.543587096185696,47.50029998831451,67.73870001779869,111.0,0.2613907840109582,0.0,54,56,59,59,62,66,68,68,68,68,68
,Aggregated,2995,0,50,41.934899599054276,4.402899998240173,86.68489998672158,1868.0106844741235,25.253722519768385,0.0,50,52,54,56,60,62,64,65,69,87,87
