Type,Name,Request Count,Failure Count,Median Response Time,Average Response Time,Min Response Time,Max Response Time,Average Content Size,Requests/s,Failures/s,50%,66%,75%,80%,90%,95%,98%,99%,99.9%,99.99%,100%
POST,GraphQL: Create Reservation,97,0,48,38.95199896717329,5.137600004673004,162.11029997793958,147.48453608247422,1.6368817513063543,0.0,48,51,52,53,56,60,150,160,160,160,160
POST,GraphQL: Delete Reservation,8,0,51,52.047237506485544,45.857699995394796,61.44690001383424,36.0,0.1350005568087715,0.0,52,52,53,53,61,61,61,61,61,61,61
POST,GraphQL: Get All Reservations,30,0,52,45.05219667141015,8.340700005646795,167.62230003951117,4014.866666666667,0.506252088032893,0.0,53,54,55,57,65,67,170,170,170,170,170
POST,GraphQL: Get Reservation,15,0,54,54.68503332231194,49.40359998727217,62.48929997673258,227.86666666666667,0.2531260440164465,0.0,54,55,59,60,61,62,62,62,62,62,62
POST,GraphQL: Update Reservation,5,0,58,58.637340005952865,51.82090000016615,68.75799997942522,110.0,0.08437534800548217,0.0,58,59,59,69,69,69,69,69,69,69,69
,Aggregated,155,0,50,42.96612838628672,5.137600004673004,167.62230003951117,896.825806451613,2.6156357881699472,0.0,50,53,54,55,59,65,150,160,170,170,170
