Type,Name,Request Count,Failure Count,Median Response Time,Average Response Time,Min Response Time,Max Response Time,Average Content Size,Requests/s,Failures/s,50%,66%,75%,80%,90%,95%,98%,99%,99.9%,99.99%,100%
PATCH,Cancel Reservation,10,0,11,17.287889996077865,6.9629999925382435,57.88600002415478,535.0,0.17108476550455382,0.0,13,14,14,27,58,58,58,58,58,58,58
POST,Create Reservation,93,0,57,87.29401074590221,14.435799967031926,1020.4788999981247,365.2903225806452,1.5910883191923504,0.0,57,59,61,62,69,79,1000,1000,1000,1000,1000
DELETE,Delete Reservation,21,0,11,13.81541904716176,8.605799986980855,65.13669999549165,0.0,0.359278007559563,0.0,11,12,13,13,14,15,65,65,65,65,65
GET,Get All Reservations,29,0,19,23.492317243302562,13.40420002816245,85.0872999872081,15956.965517241379,0.49614581996320606,0.0,19,25,25,27,40,49,85,85,85,85,85
GET,Get Reservation,38,0,8,8.066484206785006,6.122299993876368,10.954099998343736,547.2105263157895,0.6501221089173045,0.0,8,8,9,9,10,11,11,11,11,11,11
PUT,Update Reservation,17,0,60,60.087194121853614,48.526200000196695,74.41830000607297,316.05882352941177,0.29084410135774147,0.0,60,63,64,67,71,74,74,74,74,74,74
,Aggregated,208,0,50,50.91649807358268,6.122299993876368,1020.4788999981247,2539.6201923076924,3.558563122494719,0.0,50,56,58,59,65,70,85,1000,1000,1000,1000
