Type,Name,Request Count,Failure Count,Median Response Time,Average Response Time,Min Response Time,Max Response Time,Average Content Size,Requests/s,Failures/s,50%,66%,75%,80%,90%,95%,98%,99%,99.9%,99.99%,100%
PATCH,Cancel Reservation,83,0,6,6.700151806826288,4.056400037370622,15.160600014496595,534.0,0.6991461309995217,0.0,6,7,8,8,9,9,14,15,15,15,15
POST,Create Reservation,1859,1,53,68.40694922003985,6.454200018197298,30004.006700008176,136.32974717590102,15.659188644917,0.00842344736144002,53,55,57,59,62,64,66,67,77,30000,30000
DELETE,Delete Reservation,72,0,7,7.3527236131162175,5.1327000255696476,13.084299978800118,0.0,0.6064882100236815,0.0,7,8,8,8,9,10,13,13,13,13,13
GET,Get All Reservations,626,0,10,11.22752891294807,7.612899993546307,82.94839999871328,37801.50479233227,5.273078048261453,0.0,10,11,12,12,14,17,25,30,83,83,83
GET,Get Reservation,171,0,5,5.165001168119999,3.5267999628558755,18.51000002352521,538.8771929824561,1.4404094988062437,0.0,5,5,5,6,6,7,8,17,19,19,19
PUT,Update Reservation,79,0,53,54.48991518550187,46.902199974283576,68.08050000108778,156.873417721519,0.6654523415537617,0.0,53,55,58,61,64,66,67,68,68,68,68
,Aggregated,2890,1,49,48.605667439125845,3.5267999628558755,30004.006700008176,8327.35017301038,24.343762874561662,0.00842344736144002,49,53,55,56,60,63,65,66,77,30000,30000
